Site,Parameter,Date (LT),Year,Month,Day,Hour,NowCast Conc.,AQI,AQI Category,Raw Conc.,Conc. Unit,Duration,QC Name
Kinshasa,PM2.5 - Principal,2022-12-01 01:00 AM,2022,12,01,01,37.2,105,Unhealthy for Sensitive Groups,41.0,UG/M3,1 Hr,Valid
Kinshasa,PM2.5 - Principal,2022-12-01 02:00 AM,2022,12,01,02,37.2,105,Unhealthy for Sensitive Groups,-999.0,UG/M3,1 Hr,Missing
Kinshasa,PM2.5 - Principal,2022-12-01 03:00 AM,2022,12,01,03,48.4,133,Unhealthy for Sensitive Groups,54.0,UG/M3,1 Hr,Valid
Kinshasa,PM2.5 - Principal,2022-12-01 04:00 AM,2022,12,01,04,45.3,125,Unhealthy for Sensitive Groups,43.0,UG/M3,1 Hr,Valid
Kinshasa,PM2.5 - Principal,2022-12-01 05:00 AM,2022,12,01,05,30.2,89,Moderate,17.0,UG/M3,1 Hr,Valid
Kinshasa,PM2.5 - Principal,2022-12-01 06:00 AM,2022,12,01,06,23.9,76,Moderate,18.0,UG/M3,1 Hr,Valid
Kinshasa,PM2.5 - Principal,2022-12-01 07:00 AM,2022,12,01,07,22.9,74,Moderate,22.0,UG/M3,1 Hr,Valid
Kinshasa,PM2.5 - Principal,2022-12-01 08:00 AM,2022,12,01,08,30.5,90,Moderate,38.0,UG/M3,1 Hr,Valid
Kinshasa,PM2.5 - Principal,2022-12-01 09:00 AM,2022,12,01,09,37.2,105,Unhealthy for Sensitive Groups,44.0,UG/M3,1 Hr,Valid
Kinshasa,PM2.5 - Principal,2022-12-01 10:00 AM,2022,12,01,10,25.1,78,Moderate,13.0,UG/M3,1 Hr,Valid
Kinshasa,PM2.5 - Principal,2022-12-01 11:00 AM,2022,12,01,11,19.0,66,Moderate,13.0,UG/M3,1 Hr,Valid
Kinshasa,PM2.5 - Principal,2022-12-01 12:00 PM,2022,12,01,12,17.5,62,Moderate,16.0,UG/M3,1 Hr,Valid
Kinshasa,PM2.5 - Principal,2022-12-01 01:00 PM,2022,12,01,13,17.2,62,Moderate,17.0,UG/M3,1 Hr,Valid
Kinshasa,PM2.5 - Principal,2022-12-01 02:00 PM,2022,12,01,14,14.1,55,Moderate,11.0,UG/M3,1 Hr,Valid
Kinshasa,PM2.5 - Principal,2022-12-01 03:00 PM,2022,12,01,15,12.5,52,Moderate,11.0,UG/M3,1 Hr,Valid
Kinshasa,PM2.5 - Principal,2022-12-01 04:00 PM,2022,12,01,16,12.7,52,Moderate,13.0,UG/M3,1 Hr,Valid
Kinshasa,PM2.5 - Principal,2022-12-01 05:00 PM,2022,12,01,17,14.8,57,Moderate,17.0,UG/M3,1 Hr,Valid
Kinshasa,PM2.5 - Principal,2022-12-01 06:00 PM,2022,12,01,18,23.4,75,Moderate,32.0,UG/M3,1 Hr,Valid
Kinshasa,PM2.5 - Principal,2022-12-01 07:00 PM,2022,12,01,19,18.2,64,Moderate,13.0,UG/M3,1 Hr,Valid
Kinshasa,PM2.5 - Principal,2022-12-01 08:00 PM,2022,12,01,20,16.6,60,Moderate,15.0,UG/M3,1 Hr,Valid
Kinshasa,PM2.5 - Principal,2022-12-01 09:00 PM,2022,12,01,21,16.3,60,Moderate,16.0,UG/M3,1 Hr,Valid
Kinshasa,PM2.5 - Principal,2022-12-01 10:00 PM,2022,12,01,22,13.6,54,Moderate,11.0,UG/M3,1 Hr,Valid
Kinshasa,PM2.5 - Principal,2022-12-01 11:00 PM,2022,12,01,23,30.8,90,Moderate,48.0,UG/M3,1 Hr,Valid
Kinshasa,PM2.5 - Principal,2022-12-02 12:00 AM,2022,12,02,00,34.4,98,Moderate,38.0,UG/M3,1 Hr,Valid
Kinshasa,PM2.5 - Principal,2022-12-02 01:00 AM,2022,12,02,01,36.2,103,Unhealthy for Sensitive Groups,38.0,UG/M3,1 Hr,Valid
Kinshasa,PM2.5 - Principal,2022-12-02 02:00 AM,2022,12,02,02,36.2,103,Unhealthy for Sensitive Groups,-999.0,UG/M3,1 Hr,Missing
Kinshasa,PM2.5 - Principal,2022-12-02 03:00 AM,2022,12,02,03,25.4,79,Moderate,20.0,UG/M3,1 Hr,Valid
Kinshasa,PM2.5 - Principal,2022-12-02 04:00 AM,2022,12,02,04,17.1,62,Moderate,11.0,UG/M3,1 Hr,Valid
Kinshasa,PM2.5 - Principal,2022-12-02 05:00 AM,2022,12,02,05,14.4,56,Moderate,12.0,UG/M3,1 Hr,Valid
Kinshasa,PM2.5 - Principal,2022-12-02 06:00 AM,2022,12,02,06,15.2,58,Moderate,16.0,UG/M3,1 Hr,Valid
Kinshasa,PM2.5 - Principal,2022-12-02 07:00 AM,2022,12,02,07,18.1,64,Moderate,21.0,UG/M3,1 Hr,Valid
Kinshasa,PM2.5 - Principal,2022-12-02 08:00 AM,2022,12,02,08,30.6,90,Moderate,43.0,UG/M3,1 Hr,Valid
Kinshasa,PM2.5 - Principal,2022-12-02 09:00 AM,2022,12,02,09,26.3,81,Moderate,22.0,UG/M3,1 Hr,Valid
Kinshasa,PM2.5 - Principal,2022-12-02 10:00 AM,2022,12,02,10,19.6,67,Moderate,13.0,UG/M3,1 Hr,Valid
Kinshasa,PM2.5 - Principal,2022-12-02 11:00 AM,2022,12,02,11,16.8,61,Moderate,14.0,UG/M3,1 Hr,Valid
Kinshasa,PM2.5 - Principal,2022-12-02 12:00 PM,2022,12,02,12,16.9,61,Moderate,17.0,UG/M3,1 Hr,Valid
Kinshasa,PM2.5 - Principal,2022-12-02 01:00 PM,2022,12,02,13,16.4,60,Moderate,16.0,UG/M3,1 Hr,Valid
Kinshasa,PM2.5 - Principal,2022-12-02 02:00 PM,2022,12,02,14,15.2,58,Moderate,14.0,UG/M3,1 Hr,Valid
Kinshasa,PM2.5 - Principal,2022-12-02 03:00 PM,2022,12,02,15,14.1,55,Moderate,13.0,UG/M3,1 Hr,Valid
Kinshasa,PM2.5 - Principal,2022-12-02 04:00 PM,2022,12,02,16,16.0,59,Moderate,18.0,UG/M3,1 Hr,Valid
Kinshasa,PM2.5 - Principal,2022-12-02 05:00 PM,2022,12,02,17,16.0,59,Moderate,16.0,UG/M3,1 Hr,Valid
Kinshasa,PM2.5 - Principal,2022-12-02 06:00 PM,2022,12,02,18,15.5,58,Moderate,15.0,UG/M3,1 Hr,Valid
Kinshasa,PM2.5 - Principal,2022-12-02 07:00 PM,2022,12,02,19,16.2,60,Moderate,17.0,UG/M3,1 Hr,Valid
Kinshasa,PM2.5 - Principal,2022-12-02 08:00 PM,2022,12,02,20,19.1,66,Moderate,23.0,UG/M3,1 Hr,Valid
Kinshasa,PM2.5 - Principal,2022-12-02 09:00 PM,2022,12,02,21,20.3,68,Moderate,22.0,UG/M3,1 Hr,Valid
Kinshasa,PM2.5 - Principal,2022-12-02 10:00 PM,2022,12,02,22,15.9,59,Moderate,11.0,UG/M3,1 Hr,Valid
Kinshasa,PM2.5 - Principal,2022-12-02 11:00 PM,2022,12,02,23,19.4,66,Moderate,23.0,UG/M3,1 Hr,Valid
Kinshasa,PM2.5 - Principal,2022-12-03 12:00 AM,2022,12,03,00,25.2,79,Moderate,31.0,UG/M3,1 Hr,Valid
Kinshasa,PM2.5 - Principal,2022-12-03 01:00 AM,2022,12,03,01,28.1,85,Moderate,31.0,UG/M3,1 Hr,Valid
Kinshasa,PM2.5 - Principal,2022-12-03 02:00 AM,2022,12,03,02,28.1,85,Moderate,-999.0,UG/M3,1 Hr,Missing
Kinshasa,PM2.5 - Principal,2022-12-03 03:00 AM,2022,12,03,03,19.3,66,Moderate,15.0,UG/M3,1 Hr,Valid
Kinshasa,PM2.5 - Principal,2022-12-03 04:00 AM,2022,12,03,04,17.4,62,Moderate,16.0,UG/M3,1 Hr,Valid
Kinshasa,PM2.5 - Principal,2022-12-03 05:00 AM,2022,12,03,05,11.3,47,Good,6.0,UG/M3,1 Hr,Valid
Kinshasa,PM2.5 - Principal,2022-12-03 06:00 AM,2022,12,03,06,10.1,42,Good,9.0,UG/M3,1 Hr,Valid
Kinshasa,PM2.5 - Principal,2022-12-03 07:00 AM,2022,12,03,07,9.5,40,Good,9.0,UG/M3,1 Hr,Valid
Kinshasa,PM2.5 - Principal,2022-12-03 08:00 AM,2022,12,03,08,17.3,62,Moderate,25.0,UG/M3,1 Hr,Valid
Kinshasa,PM2.5 - Principal,2022-12-03 09:00 AM,2022,12,03,09,21.1,70,Moderate,25.0,UG/M3,1 Hr,Valid
Kinshasa,PM2.5 - Principal,2022-12-03 10:00 AM,2022,12,03,10,18.5,64,Moderate,16.0,UG/M3,1 Hr,Valid
Kinshasa,PM2.5 - Principal,2022-12-03 11:00 AM,2022,12,03,11,12.2,51,Moderate,6.0,UG/M3,1 Hr,Valid
Kinshasa,PM2.5 - Principal,2022-12-03 12:00 PM,2022,12,03,12,13.6,54,Moderate,15.0,UG/M3,1 Hr,Valid
Kinshasa,PM2.5 - Principal,2022-12-03 01:00 PM,2022,12,03,13,20.8,69,Moderate,28.0,UG/M3,1 Hr,Valid
Kinshasa,PM2.5 - Principal,2022-12-03 02:00 PM,2022,12,03,14,24.4,77,Moderate,28.0,UG/M3,1 Hr,Valid
Kinshasa,PM2.5 - Principal,2022-12-03 03:00 PM,2022,12,03,15,18.2,64,Moderate,12.0,UG/M3,1 Hr,Valid
Kinshasa,PM2.5 - Principal,2022-12-03 04:00 PM,2022,12,03,16,14.1,55,Moderate,10.0,UG/M3,1 Hr,Valid
Kinshasa,PM2.5 - Principal,2022-12-03 05:00 PM,2022,12,03,17,10.5,44,Good,7.0,UG/M3,1 Hr,Valid
Kinshasa,PM2.5 - Principal,2022-12-03 06:00 PM,2022,12,03,18,9.7,40,Good,9.0,UG/M3,1 Hr,Valid
Kinshasa,PM2.5 - Principal,2022-12-03 07:00 PM,2022,12,03,19,12.8,52,Moderate,16.0,UG/M3,1 Hr,Valid
Kinshasa,PM2.5 - Principal,2022-12-03 08:00 PM,2022,12,03,20,12.9,53,Moderate,13.0,UG/M3,1 Hr,Valid
Kinshasa,PM2.5 - Principal,2022-12-03 09:00 PM,2022,12,03,21,11.9,50,Good,11.0,UG/M3,1 Hr,Valid
Kinshasa,PM2.5 - Principal,2022-12-03 10:00 PM,2022,12,03,22,12.4,52,Moderate,13.0,UG/M3,1 Hr,Valid
Kinshasa,PM2.5 - Principal,2022-12-03 11:00 PM,2022,12,03,23,11.2,47,Good,10.0,UG/M3,1 Hr,Valid
Kinshasa,PM2.5 - Principal,2022-12-04 12:00 AM,2022,12,04,00,12.6,52,Moderate,14.0,UG/M3,1 Hr,Valid
Kinshasa,PM2.5 - Principal,2022-12-04 01:00 AM,2022,12,04,01,13.3,54,Moderate,14.0,UG/M3,1 Hr,Valid
Kinshasa,PM2.5 - Principal,2022-12-04 02:00 AM,2022,12,04,02,13.3,54,Moderate,-999.0,UG/M3,1 Hr,Missing
Kinshasa,PM2.5 - Principal,2022-12-04 03:00 AM,2022,12,04,03,9.7,40,Good,8.0,UG/M3,1 Hr,Valid
Kinshasa,PM2.5 - Principal,2022-12-04 04:00 AM,2022,12,04,04,8.1,34,Good,7.0,UG/M3,1 Hr,Valid
Kinshasa,PM2.5 - Principal,2022-12-04 05:00 AM,2022,12,04,05,6.4,27,Good,5.0,UG/M3,1 Hr,Valid
Kinshasa,PM2.5 - Principal,2022-12-04 06:00 AM,2022,12,04,06,7.2,30,Good,8.0,UG/M3,1 Hr,Valid
Kinshasa,PM2.5 - Principal,2022-12-04 07:00 AM,2022,12,04,07,10.1,42,Good,13.0,UG/M3,1 Hr,Valid
Kinshasa,PM2.5 - Principal,2022-12-04 08:00 AM,2022,12,04,08,12.6,52,Moderate,15.0,UG/M3,1 Hr,Valid
Kinshasa,PM2.5 - Principal,2022-12-04 09:00 AM,2022,12,04,09,11.8,49,Good,11.0,UG/M3,1 Hr,Valid
Kinshasa,PM2.5 - Principal,2022-12-04 10:00 AM,2022,12,04,10,11.9,50,Good,12.0,UG/M3,1 Hr,Valid
Kinshasa,PM2.5 - Principal,2022-12-04 11:00 AM,2022,12,04,11,12.9,53,Moderate,14.0,UG/M3,1 Hr,Valid
Kinshasa,PM2.5 - Principal,2022-12-04 12:00 PM,2022,12,04,12,19.4,66,Moderate,26.0,UG/M3,1 Hr,Valid
Kinshasa,PM2.5 - Principal,2022-12-04 01:00 PM,2022,12,04,13,27.2,83,Moderate,35.0,UG/M3,1 Hr,Valid
Kinshasa,PM2.5 - Principal,2022-12-04 02:00 PM,2022,12,04,14,29.6,88,Moderate,32.0,UG/M3,1 Hr,Valid
Kinshasa,PM2.5 - Principal,2022-12-04 03:00 PM,2022,12,04,15,33.3,96,Moderate,37.0,UG/M3,1 Hr,Valid
Kinshasa,PM2.5 - Principal,2022-12-04 04:00 PM,2022,12,04,16,29.6,88,Moderate,26.0,UG/M3,1 Hr,Valid
Kinshasa,PM2.5 - Principal,2022-12-04 05:00 PM,2022,12,04,17,29.8,88,Moderate,30.0,UG/M3,1 Hr,Valid
Kinshasa,PM2.5 - Principal,2022-12-04 06:00 PM,2022,12,04,18,23.9,76,Moderate,18.0,UG/M3,1 Hr,Valid
Kinshasa,PM2.5 - Principal,2022-12-04 07:00 PM,2022,12,04,19,25.4,79,Moderate,27.0,UG/M3,1 Hr,Valid
Kinshasa,PM2.5 - Principal,2022-12-04 08:00 PM,2022,12,04,20,29.7,88,Moderate,34.0,UG/M3,1 Hr,Valid
Kinshasa,PM2.5 - Principal,2022-12-04 09:00 PM,2022,12,04,21,30.3,89,Moderate,31.0,UG/M3,1 Hr,Valid
Kinshasa,PM2.5 - Principal,2022-12-04 10:00 PM,2022,12,04,22,37.1,105,Unhealthy for Sensitive Groups,44.0,UG/M3,1 Hr,Valid
Kinshasa,PM2.5 - Principal,2022-12-04 11:00 PM,2022,12,04,23,42.5,118,Unhealthy for Sensitive Groups,48.0,UG/M3,1 Hr,Valid
Kinshasa,PM2.5 - Principal,2022-12-05 12:00 AM,2022,12,05,00,85.3,166,Unhealthy,128.0,UG/M3,1 Hr,Valid
Kinshasa,PM2.5 - Principal,2022-12-05 01:00 AM,2022,12,05,01,106.6,177,Unhealthy,128.0,UG/M3,1 Hr,Valid
Kinshasa,PM2.5 - Principal,2022-12-05 02:00 AM,2022,12,05,02,106.6,177,Unhealthy,-999.0,UG/M3,1 Hr,Missing
Kinshasa,PM2.5 - Principal,2022-12-05 03:00 AM,2022,12,05,03,54.8,149,Unhealthy for Sensitive Groups,29.0,UG/M3,1 Hr,Valid
Kinshasa,PM2.5 - Principal,2022-12-05 04:00 AM,2022,12,05,04,40.6,114,Unhealthy for Sensitive Groups,30.0,UG/M3,1 Hr,Valid
Kinshasa,PM2.5 - Principal,2022-12-05 05:00 AM,2022,12,05,05,50.9,139,Unhealthy for Sensitive Groups,60.0,UG/M3,1 Hr,Valid
Kinshasa,PM2.5 - Principal,2022-12-05 06:00 AM,2022,12,05,06,53.0,144,Unhealthy for Sensitive Groups,55.0,UG/M3,1 Hr,Valid
Kinshasa,PM2.5 - Principal,2022-12-05 07:00 AM,2022,12,05,07,68.2,158,Unhealthy,83.0,UG/M3,1 Hr,Valid
Kinshasa,PM2.5 - Principal,2022-12-05 08:00 AM,2022,12,05,08,59.0,153,Unhealthy,50.0,UG/M3,1 Hr,Valid
Kinshasa,PM2.5 - Principal,2022-12-05 09:00 AM,2022,12,05,09,49.9,136,Unhealthy for Sensitive Groups,41.0,UG/M3,1 Hr,Valid
Kinshasa,PM2.5 - Principal,2022-12-05 10:00 AM,2022,12,05,10,50.5,138,Unhealthy for Sensitive Groups,51.0,UG/M3,1 Hr,Valid
Kinshasa,PM2.5 - Principal,2022-12-05 11:00 AM,2022,12,05,11,42.2,117,Unhealthy for Sensitive Groups,34.0,UG/M3,1 Hr,Valid
Kinshasa,PM2.5 - Principal,2022-12-05 12:00 PM,2022,12,05,12,34.6,98,Moderate,27.0,UG/M3,1 Hr,Valid
Kinshasa,PM2.5 - Principal,2022-12-05 01:00 PM,2022,12,05,13,25.7,80,Moderate,17.0,UG/M3,1 Hr,Valid
Kinshasa,PM2.5 - Principal,2022-12-05 02:00 PM,2022,12,05,14,22.8,74,Moderate,20.0,UG/M3,1 Hr,Valid
Kinshasa,PM2.5 - Principal,2022-12-05 03:00 PM,2022,12,05,15,19.4,66,Moderate,16.0,UG/M3,1 Hr,Valid
Kinshasa,PM2.5 - Principal,2022-12-05 04:00 PM,2022,12,05,16,16.2,60,Moderate,13.0,UG/M3,1 Hr,Valid
Kinshasa,PM2.5 - Principal,2022-12-05 05:00 PM,2022,12,05,17,12.6,52,Moderate,9.0,UG/M3,1 Hr,Valid
Kinshasa,PM2.5 - Principal,2022-12-05 06:00 PM,2022,12,05,18,13.7,54,Moderate,15.0,UG/M3,1 Hr,Valid
Kinshasa,PM2.5 - Principal,2022-12-05 07:00 PM,2022,12,05,19,14.8,57,Moderate,16.0,UG/M3,1 Hr,Valid
Kinshasa,PM2.5 - Principal,2022-12-05 08:00 PM,2022,12,05,20,15.9,59,Moderate,17.0,UG/M3,1 Hr,Valid
Kinshasa,PM2.5 - Principal,2022-12-05 09:00 PM,2022,12,05,21,23.9,76,Moderate,32.0,UG/M3,1 Hr,Valid
Kinshasa,PM2.5 - Principal,2022-12-05 10:00 PM,2022,12,05,22,21.4,71,Moderate,19.0,UG/M3,1 Hr,Valid
Kinshasa,PM2.5 - Principal,2022-12-05 11:00 PM,2022,12,05,23,27.2,83,Moderate,33.0,UG/M3,1 Hr,Valid
Kinshasa,PM2.5 - Principal,2022-12-06 12:00 AM,2022,12,06,00,37.6,106,Unhealthy for Sensitive Groups,48.0,UG/M3,1 Hr,Valid
Kinshasa,PM2.5 - Principal,2022-12-06 01:00 AM,2022,12,06,01,42.8,119,Unhealthy for Sensitive Groups,48.0,UG/M3,1 Hr,Valid
Kinshasa,PM2.5 - Principal,2022-12-06 02:00 AM,2022,12,06,02,42.8,119,Unhealthy for Sensitive Groups,-999.0,UG/M3,1 Hr,Missing
Kinshasa,PM2.5 - Principal,2022-12-06 03:00 AM,2022,12,06,03,48.2,132,Unhealthy for Sensitive Groups,51.0,UG/M3,1 Hr,Valid
Kinshasa,PM2.5 - Principal,2022-12-06 04:00 AM,2022,12,06,04,59.5,153,Unhealthy,68.0,UG/M3,1 Hr,Valid
Kinshasa,PM2.5 - Principal,2022-12-06 05:00 AM,2022,12,06,05,64.0,155,Unhealthy,68.0,UG/M3,1 Hr,Valid
Kinshasa,PM2.5 - Principal,2022-12-06 06:00 AM,2022,12,06,06,57.8,152,Unhealthy,52.0,UG/M3,1 Hr,Valid
Kinshasa,PM2.5 - Principal,2022-12-06 07:00 AM,2022,12,06,07,44.7,124,Unhealthy for Sensitive Groups,32.0,UG/M3,1 Hr,Valid
Kinshasa,PM2.5 - Principal,2022-12-06 08:00 AM,2022,12,06,08,28.2,85,Moderate,12.0,UG/M3,1 Hr,Valid
Kinshasa,PM2.5 - Principal,2022-12-06 09:00 AM,2022,12,06,09,20.0,68,Moderate,12.0,UG/M3,1 Hr,Valid
Kinshasa,PM2.5 - Principal,2022-12-06 10:00 AM,2022,12,06,10,18.0,63,Moderate,16.0,UG/M3,1 Hr,Valid
Kinshasa,PM2.5 - Principal,2022-12-06 11:00 AM,2022,12,06,11,22.0,72,Moderate,26.0,UG/M3,1 Hr,Valid
Kinshasa,PM2.5 - Principal,2022-12-06 12:00 PM,2022,12,06,12,23.5,75,Moderate,25.0,UG/M3,1 Hr,Valid
Kinshasa,PM2.5 - Principal,2022-12-06 01:00 PM,2022,12,06,13,19.2,66,Moderate,15.0,UG/M3,1 Hr,Valid
Kinshasa,PM2.5 - Principal,2022-12-06 02:00 PM,2022,12,06,14,17.1,62,Moderate,15.0,UG/M3,1 Hr,Valid
Kinshasa,PM2.5 - Principal,2022-12-06 03:00 PM,2022,12,06,15,24.0,76,Moderate,31.0,UG/M3,1 Hr,Valid
Kinshasa,PM2.5 - Principal,2022-12-06 04:00 PM,2022,12,06,16,30.5,90,Moderate,37.0,UG/M3,1 Hr,Valid
Kinshasa,PM2.5 - Principal,2022-12-06 05:00 PM,2022,12,06,17,38.2,108,Unhealthy for Sensitive Groups,46.0,UG/M3,1 Hr,Valid
Kinshasa,PM2.5 - Principal,2022-12-06 06:00 PM,2022,12,06,18,29.6,88,Moderate,21.0,UG/M3,1 Hr,Valid
Kinshasa,PM2.5 - Principal,2022-12-06 07:00 PM,2022,12,06,19,26.8,82,Moderate,24.0,UG/M3,1 Hr,Valid
Kinshasa,PM2.5 - Principal,2022-12-06 08:00 PM,2022,12,06,20,47.9,132,Unhealthy for Sensitive Groups,69.0,UG/M3,1 Hr,Valid
Kinshasa,PM2.5 - Principal,2022-12-06 09:00 PM,2022,12,06,21,44.4,123,Unhealthy for Sensitive Groups,41.0,UG/M3,1 Hr,Valid
Kinshasa,PM2.5 - Principal,2022-12-06 10:00 PM,2022,12,06,22,44.7,124,Unhealthy for Sensitive Groups,45.0,UG/M3,1 Hr,Valid
Kinshasa,PM2.5 - Principal,2022-12-06 11:00 PM,2022,12,06,23,38.8,109,Unhealthy for Sensitive Groups,33.0,UG/M3,1 Hr,Valid
Kinshasa,PM2.5 - Principal,2022-12-07 12:00 AM,2022,12,07,00,35.4,100,Moderate,32.0,UG/M3,1 Hr,Valid
Kinshasa,PM2.5 - Principal,2022-12-07 01:00 AM,2022,12,07,01,33.7,96,Moderate,32.0,UG/M3,1 Hr,Valid
Kinshasa,PM2.5 - Principal,2022-12-07 02:00 AM,2022,12,07,02,33.7,96,Moderate,-999.0,UG/M3,1 Hr,Missing
Kinshasa,PM2.5 - Principal,2022-12-07 03:00 AM,2022,12,07,03,59.2,153,Unhealthy,72.0,UG/M3,1 Hr,Valid
Kinshasa,PM2.5 - Principal,2022-12-07 04:00 AM,2022,12,07,04,58.5,153,Unhealthy,58.0,UG/M3,1 Hr,Valid
Kinshasa,PM2.5 - Principal,2022-12-07 05:00 AM,2022,12,07,05,43.3,120,Unhealthy for Sensitive Groups,30.0,UG/M3,1 Hr,Valid
Kinshasa,PM2.5 - Principal,2022-12-07 06:00 AM,2022,12,07,06,35.4,100,Moderate,28.0,UG/M3,1 Hr,Valid
Kinshasa,PM2.5 - Principal,2022-12-07 07:00 AM,2022,12,07,07,31.6,92,Moderate,28.0,UG/M3,1 Hr,Valid
Kinshasa,PM2.5 - Principal,2022-12-07 08:00 AM,2022,12,07,08,26.2,81,Moderate,21.0,UG/M3,1 Hr,Valid
Kinshasa,PM2.5 - Principal,2022-12-07 09:00 AM,2022,12,07,09,33.1,95,Moderate,40.0,UG/M3,1 Hr,Valid
Kinshasa,PM2.5 - Principal,2022-12-07 10:00 AM,2022,12,07,10,29.5,88,Moderate,26.0,UG/M3,1 Hr,Valid
Kinshasa,PM2.5 - Principal,2022-12-07 11:00 AM,2022,12,07,11,27.7,84,Moderate,26.0,UG/M3,1 Hr,Valid
Kinshasa,PM2.5 - Principal,2022-12-07 12:00 PM,2022,12,07,12,17.8,63,Moderate,8.0,UG/M3,1 Hr,Valid
Kinshasa,PM2.5 - Principal,2022-12-07 01:00 PM,2022,12,07,13,11.9,50,Good,6.0,UG/M3,1 Hr,Valid
Kinshasa,PM2.5 - Principal,2022-12-07 02:00 PM,2022,12,07,14,9.4,39,Good,7.0,UG/M3,1 Hr,Valid
Kinshasa,PM2.5 - Principal,2022-12-07 03:00 PM,2022,12,07,15,8.7,36,Good,8.0,UG/M3,1 Hr,Valid
Kinshasa,PM2.5 - Principal,2022-12-07 04:00 PM,2022,12,07,16,7.8,33,Good,7.0,UG/M3,1 Hr,Valid
Kinshasa,PM2.5 - Principal,2022-12-07 05:00 PM,2022,12,07,17,9.4,39,Good,11.0,UG/M3,1 Hr,Valid
Kinshasa,PM2.5 - Principal,2022-12-07 06:00 PM,2022,12,07,18,15.2,58,Moderate,21.0,UG/M3,1 Hr,Valid
Kinshasa,PM2.5 - Principal,2022-12-07 07:00 PM,2022,12,07,19,18.6,65,Moderate,22.0,UG/M3,1 Hr,Valid
Kinshasa,PM2.5 - Principal,2022-12-07 08:00 PM,2022,12,07,20,22.3,72,Moderate,26.0,UG/M3,1 Hr,Valid
Kinshasa,PM2.5 - Principal,2022-12-07 09:00 PM,2022,12,07,21,27.1,83,Moderate,32.0,UG/M3,1 Hr,Valid
Kinshasa,PM2.5 - Principal,2022-12-07 10:00 PM,2022,12,07,22,34.0,97,Moderate,41.0,UG/M3,1 Hr,Valid
Kinshasa,PM2.5 - Principal,2022-12-07 11:00 PM,2022,12,07,23,35.0,99,Moderate,36.0,UG/M3,1 Hr,Valid
Kinshasa,PM2.5 - Principal,2022-12-08 12:00 AM,2022,12,08,00,49.5,135,Unhealthy for Sensitive Groups,64.0,UG/M3,1 Hr,Valid
Kinshasa,PM2.5 - Principal,2022-12-08 01:00 AM,2022,12,08,01,56.7,152,Unhealthy,64.0,UG/M3,1 Hr,Valid
Kinshasa,PM2.5 - Principal,2022-12-08 02:00 AM,2022,12,08,02,56.7,152,Unhealthy,-999.0,UG/M3,1 Hr,Missing
Kinshasa,PM2.5 - Principal,2022-12-08 03:00 AM,2022,12,08,03,34.2,97,Moderate,23.0,UG/M3,1 Hr,Valid
Kinshasa,PM2.5 - Principal,2022-12-08 04:00 AM,2022,12,08,04,23.8,76,Moderate,16.0,UG/M3,1 Hr,Valid
Kinshasa,PM2.5 - Principal,2022-12-08 05:00 AM,2022,12,08,05,25.5,79,Moderate,27.0,UG/M3,1 Hr,Valid
Kinshasa,PM2.5 - Principal,2022-12-08 06:00 AM,2022,12,08,06,34.0,97,Moderate,42.0,UG/M3,1 Hr,Valid
Kinshasa,PM2.5 - Principal,2022-12-08 07:00 AM,2022,12,08,07,50.2,137,Unhealthy for Sensitive Groups,66.0,UG/M3,1 Hr,Valid
Kinshasa,PM2.5 - Principal,2022-12-08 08:00 AM,2022,12,08,08,52.1,142,Unhealthy for Sensitive Groups,54.0,UG/M3,1 Hr,Valid
Kinshasa,PM2.5 - Principal,2022-12-08 09:00 AM,2022,12,08,09,45.5,126,Unhealthy for Sensitive Groups,39.0,UG/M3,1 Hr,Valid
Kinshasa,PM2.5 - Principal,2022-12-08 10:00 AM,2022,12,08,10,37.7,106,Unhealthy for Sensitive Groups,30.0,UG/M3,1 Hr,Valid
Kinshasa,PM2.5 - Principal,2022-12-08 11:00 AM,2022,12,08,11,33.8,97,Moderate,30.0,UG/M3,1 Hr,Valid
Kinshasa,PM2.5 - Principal,2022-12-08 12:00 PM,2022,12,08,12,27.4,83,Moderate,21.0,UG/M3,1 Hr,Valid
Kinshasa,PM2.5 - Principal,2022-12-08 01:00 PM,2022,12,08,13,20.7,69,Moderate,14.0,UG/M3,1 Hr,Valid
Kinshasa,PM2.5 - Principal,2022-12-08 02:00 PM,2022,12,08,14,19.3,66,Moderate,18.0,UG/M3,1 Hr,Valid
Kinshasa,PM2.5 - Principal,2022-12-08 03:00 PM,2022,12,08,15,16.6,60,Moderate,14.0,UG/M3,1 Hr,Valid
Kinshasa,PM2.5 - Principal,2022-12-08 04:00 PM,2022,12,08,16,14.3,56,Moderate,12.0,UG/M3,1 Hr,Valid
Kinshasa,PM2.5 - Principal,2022-12-08 05:00 PM,2022,12,08,17,12.6,52,Moderate,11.0,UG/M3,1 Hr,Valid
Kinshasa,PM2.5 - Principal,2022-12-08 06:00 PM,2022,12,08,18,16.3,60,Moderate,20.0,UG/M3,1 Hr,Valid
Kinshasa,PM2.5 - Principal,2022-12-08 07:00 PM,2022,12,08,19,17.6,63,Moderate,19.0,UG/M3,1 Hr,Valid
Kinshasa,PM2.5 - Principal,2022-12-08 08:00 PM,2022,12,08,20,16.3,60,Moderate,15.0,UG/M3,1 Hr,Valid
Kinshasa,PM2.5 - Principal,2022-12-08 09:00 PM,2022,12,08,21,11.6,48,Good,7.0,UG/M3,1 Hr,Valid
Kinshasa,PM2.5 - Principal,2022-12-08 10:00 PM,2022,12,08,22,9.3,39,Good,7.0,UG/M3,1 Hr,Valid
Kinshasa,PM2.5 - Principal,2022-12-08 11:00 PM,2022,12,08,23,12.1,51,Moderate,15.0,UG/M3,1 Hr,Valid
Kinshasa,PM2.5 - Principal,2022-12-09 12:00 AM,2022,12,09,00,15.5,58,Moderate,19.0,UG/M3,1 Hr,Valid
Kinshasa,PM2.5 - Principal,2022-12-09 01:00 AM,2022,12,09,01,17.2,62,Moderate,19.0,UG/M3,1 Hr,Valid
Kinshasa,PM2.5 - Principal,2022-12-09 02:00 AM,2022,12,09,02,17.2,62,Moderate,-999.0,UG/M3,1 Hr,Missing
Kinshasa,PM2.5 - Principal,2022-12-09 03:00 AM,2022,12,09,03,25.0,78,Moderate,29.0,UG/M3,1 Hr,Valid
Kinshasa,PM2.5 - Principal,2022-12-09 04:00 AM,2022,12,09,04,38.7,109,Unhealthy for Sensitive Groups,49.0,UG/M3,1 Hr,Valid
Kinshasa,PM2.5 - Principal,2022-12-09 05:00 AM,2022,12,09,05,42.6,118,Unhealthy for Sensitive Groups,46.0,UG/M3,1 Hr,Valid
Kinshasa,PM2.5 - Principal,2022-12-09 06:00 AM,2022,12,09,06,53.1,144,Unhealthy for Sensitive Groups,63.0,UG/M3,1 Hr,Valid
Kinshasa,PM2.5 - Principal,2022-12-09 07:00 AM,2022,12,09,07,42.9,119,Unhealthy for Sensitive Groups,33.0,UG/M3,1 Hr,Valid
Kinshasa,PM2.5 - Principal,2022-12-09 08:00 AM,2022,12,09,08,42.4,118,Unhealthy for Sensitive Groups,42.0,UG/M3,1 Hr,Valid
Kinshasa,PM2.5 - Principal,2022-12-09 09:00 AM,2022,12,09,09,30.1,89,Moderate,18.0,UG/M3,1 Hr,Valid
Kinshasa,PM2.5 - Principal,2022-12-09 10:00 AM,2022,12,09,10,21.0,70,Moderate,12.0,UG/M3,1 Hr,Valid
Kinshasa,PM2.5 - Principal,2022-12-09 11:00 AM,2022,12,09,11,19.0,66,Moderate,17.0,UG/M3,1 Hr,Valid
Kinshasa,PM2.5 - Principal,2022-12-09 12:00 PM,2022,12,09,12,20.5,69,Moderate,22.0,UG/M3,1 Hr,Valid
Kinshasa,PM2.5 - Principal,2022-12-09 01:00 PM,2022,12,09,13,26.2,81,Moderate,32.0,UG/M3,1 Hr,Valid
Kinshasa,PM2.5 - Principal,2022-12-09 02:00 PM,2022,12,09,14,32.6,94,Moderate,39.0,UG/M3,1 Hr,Valid
Kinshasa,PM2.5 - Principal,2022-12-09 03:00 PM,2022,12,09,15,24.8,78,Moderate,17.0,UG/M3,1 Hr,Valid
Kinshasa,PM2.5 - Principal,2022-12-09 04:00 PM,2022,12,09,16,21.4,71,Moderate,18.0,UG/M3,1 Hr,Valid
Kinshasa,PM2.5 - Principal,2022-12-09 05:00 PM,2022,12,09,17,17.1,62,Moderate,13.0,UG/M3,1 Hr,Valid
Kinshasa,PM2.5 - Principal,2022-12-09 06:00 PM,2022,12,09,18,17.0,61,Moderate,17.0,UG/M3,1 Hr,Valid
Kinshasa,PM2.5 - Principal,2022-12-09 07:00 PM,2022,12,09,19,17.0,61,Moderate,17.0,UG/M3,1 Hr,Valid
Kinshasa,PM2.5 - Principal,2022-12-09 08:00 PM,2022,12,09,20,21.0,70,Moderate,25.0,UG/M3,1 Hr,Valid
Kinshasa,PM2.5 - Principal,2022-12-09 09:00 PM,2022,12,09,21,94.5,171,Unhealthy,168.0,UG/M3,1 Hr,Valid
Kinshasa,PM2.5 - Principal,2022-12-09 10:00 PM,2022,12,09,22,78.7,163,Unhealthy,63.0,UG/M3,1 Hr,Valid
Kinshasa,PM2.5 - Principal,2022-12-09 11:00 PM,2022,12,09,23,47.3,130,Unhealthy for Sensitive Groups,16.0,UG/M3,1 Hr,Valid
Kinshasa,PM2.5 - Principal,2022-12-10 12:00 AM,2022,12,10,00,30.1,89,Moderate,13.0,UG/M3,1 Hr,Valid
Kinshasa,PM2.5 - Principal,2022-12-10 01:00 AM,2022,12,10,01,21.5,71,Moderate,13.0,UG/M3,1 Hr,Valid
Kinshasa,PM2.5 - Principal,2022-12-10 02:00 AM,2022,12,10,02,21.5,71,Moderate,-999.0,UG/M3,1 Hr,Missing
Kinshasa,PM2.5 - Principal,2022-12-10 03:00 AM,2022,12,10,03,42.5,118,Unhealthy for Sensitive Groups,53.0,UG/M3,1 Hr,Valid
Kinshasa,PM2.5 - Principal,2022-12-10 04:00 AM,2022,12,10,04,25.0,78,Moderate,12.0,UG/M3,1 Hr,Valid
Kinshasa,PM2.5 - Principal,2022-12-10 05:00 AM,2022,12,10,05,18.6,65,Moderate,13.0,UG/M3,1 Hr,Valid
Kinshasa,PM2.5 - Principal,2022-12-10 06:00 AM,2022,12,10,06,21.4,71,Moderate,24.0,UG/M3,1 Hr,Valid
Kinshasa,PM2.5 - Principal,2022-12-10 07:00 AM,2022,12,10,07,34.9,99,Moderate,48.0,UG/M3,1 Hr,Valid
Kinshasa,PM2.5 - Principal,2022-12-10 08:00 AM,2022,12,10,08,33.4,96,Moderate,32.0,UG/M3,1 Hr,Valid
Kinshasa,PM2.5 - Principal,2022-12-10 09:00 AM,2022,12,10,09,29.6,88,Moderate,26.0,UG/M3,1 Hr,Valid
Kinshasa,PM2.5 - Principal,2022-12-10 10:00 AM,2022,12,10,10,26.8,82,Moderate,24.0,UG/M3,1 Hr,Valid
Kinshasa,PM2.5 - Principal,2022-12-10 11:00 AM,2022,12,10,11,25.9,80,Moderate,25.0,UG/M3,1 Hr,Valid
Kinshasa,PM2.5 - Principal,2022-12-10 12:00 PM,2022,12,10,12,19.9,67,Moderate,14.0,UG/M3,1 Hr,Valid
Kinshasa,PM2.5 - Principal,2022-12-10 01:00 PM,2022,12,10,13,20.4,68,Moderate,21.0,UG/M3,1 Hr,Valid
Kinshasa,PM2.5 - Principal,2022-12-10 02:00 PM,2022,12,10,14,16.2,60,Moderate,12.0,UG/M3,1 Hr,Valid
Kinshasa,PM2.5 - Principal,2022-12-10 03:00 PM,2022,12,10,15,14.6,56,Moderate,13.0,UG/M3,1 Hr,Valid
Kinshasa,PM2.5 - Principal,2022-12-10 04:00 PM,2022,12,10,16,12.8,52,Moderate,11.0,UG/M3,1 Hr,Valid
Kinshasa,PM2.5 - Principal,2022-12-10 05:00 PM,2022,12,10,17,11.9,50,Good,11.0,UG/M3,1 Hr,Valid
Kinshasa,PM2.5 - Principal,2022-12-10 06:00 PM,2022,12,10,18,11.9,50,Good,12.0,UG/M3,1 Hr,Valid
Kinshasa,PM2.5 - Principal,2022-12-10 07:00 PM,2022,12,10,19,16.4,60,Moderate,21.0,UG/M3,1 Hr,Valid
Kinshasa,PM2.5 - Principal,2022-12-10 08:00 PM,2022,12,10,20,48.7,134,Unhealthy for Sensitive Groups,81.0,UG/M3,1 Hr,Valid
Kinshasa,PM2.5 - Principal,2022-12-10 09:00 PM,2022,12,10,21,38.8,109,Unhealthy for Sensitive Groups,29.0,UG/M3,1 Hr,Valid
Kinshasa,PM2.5 - Principal,2022-12-10 10:00 PM,2022,12,10,22,24.9,78,Moderate,11.0,UG/M3,1 Hr,Valid
Kinshasa,PM2.5 - Principal,2022-12-10 11:00 PM,2022,12,10,23,17.9,63,Moderate,11.0,UG/M3,1 Hr,Valid
Kinshasa,PM2.5 - Principal,2022-12-11 12:00 AM,2022,12,11,00,18.4,64,Moderate,19.0,UG/M3,1 Hr,Valid
Kinshasa,PM2.5 - Principal,2022-12-11 01:00 AM,2022,12,11,01,18.7,65,Moderate,19.0,UG/M3,1 Hr,Valid
Kinshasa,PM2.5 - Principal,2022-12-11 02:00 AM,2022,12,11,02,18.7,65,Moderate,-999.0,UG/M3,1 Hr,Missing
Kinshasa,PM2.5 - Principal,2022-12-11 03:00 AM,2022,12,11,03,18.9,65,Moderate,19.0,UG/M3,1 Hr,Valid
Kinshasa,PM2.5 - Principal,2022-12-11 04:00 AM,2022,12,11,04,14.3,56,Moderate,11.0,UG/M3,1 Hr,Valid
Kinshasa,PM2.5 - Principal,2022-12-11 05:00 AM,2022,12,11,05,10.9,45,Good,8.0,UG/M3,1 Hr,Valid
Kinshasa,PM2.5 - Principal,2022-12-11 06:00 AM,2022,12,11,06,11.5,48,Good,12.0,UG/M3,1 Hr,Valid
Kinshasa,PM2.5 - Principal,2022-12-11 07:00 AM,2022,12,11,07,12.7,52,Moderate,14.0,UG/M3,1 Hr,Valid
Kinshasa,PM2.5 - Principal,2022-12-11 08:00 AM,2022,12,11,08,14.8,57,Moderate,17.0,UG/M3,1 Hr,Valid
Kinshasa,PM2.5 - Principal,2022-12-11 09:00 AM,2022,12,11,09,17.9,63,Moderate,21.0,UG/M3,1 Hr,Valid
Kinshasa,PM2.5 - Principal,2022-12-11 10:00 AM,2022,12,11,10,17.9,63,Moderate,18.0,UG/M3,1 Hr,Valid
Kinshasa,PM2.5 - Principal,2022-12-11 11:00 AM,2022,12,11,11,17.9,63,Moderate,18.0,UG/M3,1 Hr,Valid
Kinshasa,PM2.5 - Principal,2022-12-11 12:00 PM,2022,12,11,12,18.4,64,Moderate,19.0,UG/M3,1 Hr,Valid
Kinshasa,PM2.5 - Principal,2022-12-11 01:00 PM,2022,12,11,13,16.7,61,Moderate,15.0,UG/M3,1 Hr,Valid
Kinshasa,PM2.5 - Principal,2022-12-11 02:00 PM,2022,12,11,14,16.3,60,Moderate,16.0,UG/M3,1 Hr,Valid
Kinshasa,PM2.5 - Principal,2022-12-11 03:00 PM,2022,12,11,15,17.6,63,Moderate,19.0,UG/M3,1 Hr,Valid
Kinshasa,PM2.5 - Principal,2022-12-11 04:00 PM,2022,12,11,16,40.3,113,Unhealthy for Sensitive Groups,63.0,UG/M3,1 Hr,Valid
Kinshasa,PM2.5 - Principal,2022-12-11 05:00 PM,2022,12,11,17,44.1,122,Unhealthy for Sensitive Groups,48.0,UG/M3,1 Hr,Valid
Kinshasa,PM2.5 - Principal,2022-12-11 06:00 PM,2022,12,11,18,48.0,132,Unhealthy for Sensitive Groups,52.0,UG/M3,1 Hr,Valid
Kinshasa,PM2.5 - Principal,2022-12-11 07:00 PM,2022,12,11,19,54.0,147,Unhealthy for Sensitive Groups,60.0,UG/M3,1 Hr,Valid
Kinshasa,PM2.5 - Principal,2022-12-11 08:00 PM,2022,12,11,20,40.0,112,Unhealthy for Sensitive Groups,26.0,UG/M3,1 Hr,Valid
Kinshasa,PM2.5 - Principal,2022-12-11 09:00 PM,2022,12,11,21,31.5,92,Moderate,23.0,UG/M3,1 Hr,Valid
Kinshasa,PM2.5 - Principal,2022-12-11 10:00 PM,2022,12,11,22,28.2,85,Moderate,25.0,UG/M3,1 Hr,Valid
Kinshasa,PM2.5 - Principal,2022-12-11 11:00 PM,2022,12,11,23,39.6,111,Unhealthy for Sensitive Groups,51.0,UG/M3,1 Hr,Valid
Kinshasa,PM2.5 - Principal,2022-12-12 12:00 AM,2022,12,12,00,57.8,152,Unhealthy,76.0,UG/M3,1 Hr,Valid
Kinshasa,PM2.5 - Principal,2022-12-12 01:00 AM,2022,12,12,01,66.9,157,Unhealthy,76.0,UG/M3,1 Hr,Valid
Kinshasa,PM2.5 - Principal,2022-12-12 02:00 AM,2022,12,12,02,66.9,157,Unhealthy,-999.0,UG/M3,1 Hr,Missing
Kinshasa,PM2.5 - Principal,2022-12-12 03:00 AM,2022,12,12,03,38.3,108,Unhealthy for Sensitive Groups,24.0,UG/M3,1 Hr,Valid
Kinshasa,PM2.5 - Principal,2022-12-12 04:00 AM,2022,12,12,04,32.4,94,Moderate,28.0,UG/M3,1 Hr,Valid
Kinshasa,PM2.5 - Principal,2022-12-12 05:00 AM,2022,12,12,05,18.3,64,Moderate,6.0,UG/M3,1 Hr,Valid
Kinshasa,PM2.5 - Principal,2022-12-12 06:00 AM,2022,12,12,06,12.9,53,Moderate,8.0,UG/M3,1 Hr,Valid
Kinshasa,PM2.5 - Principal,2022-12-12 07:00 AM,2022,12,12,07,15.5,58,Moderate,18.0,UG/M3,1 Hr,Valid
Kinshasa,PM2.5 - Principal,2022-12-12 08:00 AM,2022,12,12,08,15.7,59,Moderate,16.0,UG/M3,1 Hr,Valid
Kinshasa,PM2.5 - Principal,2022-12-12 09:00 AM,2022,12,12,09,19.3,66,Moderate,23.0,UG/M3,1 Hr,Valid
Kinshasa,PM2.5 - Principal,2022-12-12 10:00 AM,2022,12,12,10,19.1,66,Moderate,19.0,UG/M3,1 Hr,Valid
Kinshasa,PM2.5 - Principal,2022-12-12 11:00 AM,2022,12,12,11,16.5,60,Moderate,14.0,UG/M3,1 Hr,Valid
Kinshasa,PM2.5 - Principal,2022-12-12 12:00 PM,2022,12,12,12,13.7,54,Moderate,11.0,UG/M3,1 Hr,Valid
Kinshasa,PM2.5 - Principal,2022-12-12 01:00 PM,2022,12,12,13,11.8,49,Good,10.0,UG/M3,1 Hr,Valid
Kinshasa,PM2.5 - Principal,2022-12-12 02:00 PM,2022,12,12,14,10.9,45,Good,10.0,UG/M3,1 Hr,Valid
Kinshasa,PM2.5 - Principal,2022-12-12 03:00 PM,2022,12,12,15,9.4,39,Good,8.0,UG/M3,1 Hr,Valid
Kinshasa,PM2.5 - Principal,2022-12-12 04:00 PM,2022,12,12,16,8.7,36,Good,8.0,UG/M3,1 Hr,Valid
Kinshasa,PM2.5 - Principal,2022-12-12 05:00 PM,2022,12,12,17,12.8,52,Moderate,17.0,UG/M3,1 Hr,Valid
Kinshasa,PM2.5 - Principal,2022-12-12 06:00 PM,2022,12,12,18,17.9,63,Moderate,23.0,UG/M3,1 Hr,Valid
Kinshasa,PM2.5 - Principal,2022-12-12 07:00 PM,2022,12,12,19,16.4,60,Moderate,15.0,UG/M3,1 Hr,Valid
Kinshasa,PM2.5 - Principal,2022-12-12 08:00 PM,2022,12,12,20,19.2,66,Moderate,22.0,UG/M3,1 Hr,Valid
Kinshasa,PM2.5 - Principal,2022-12-12 09:00 PM,2022,12,12,21,16.1,59,Moderate,13.0,UG/M3,1 Hr,Valid
Kinshasa,PM2.5 - Principal,2022-12-12 10:00 PM,2022,12,12,22,18.0,63,Moderate,20.0,UG/M3,1 Hr,Valid
Kinshasa,PM2.5 - Principal,2022-12-12 11:00 PM,2022,12,12,23,16.5,60,Moderate,15.0,UG/M3,1 Hr,Valid
Kinshasa,PM2.5 - Principal,2022-12-13 12:00 AM,2022,12,13,00,29.7,88,Moderate,43.0,UG/M3,1 Hr,Valid
Kinshasa,PM2.5 - Principal,2022-12-13 01:00 AM,2022,12,13,01,36.3,103,Unhealthy for Sensitive Groups,43.0,UG/M3,1 Hr,Valid
Kinshasa,PM2.5 - Principal,2022-12-13 02:00 AM,2022,12,13,02,36.3,103,Unhealthy for Sensitive Groups,-999.0,UG/M3,1 Hr,Missing
Kinshasa,PM2.5 - Principal,2022-12-13 03:00 AM,2022,12,13,03,20.1,68,Moderate,12.0,UG/M3,1 Hr,Valid
Kinshasa,PM2.5 - Principal,2022-12-13 04:00 AM,2022,12,13,04,17.1,62,Moderate,15.0,UG/M3,1 Hr,Valid
Kinshasa,PM2.5 - Principal,2022-12-13 05:00 AM,2022,12,13,05,12.2,51,Moderate,8.0,UG/M3,1 Hr,Valid
Kinshasa,PM2.5 - Principal,2022-12-13 06:00 AM,2022,12,13,06,13.6,54,Moderate,15.0,UG/M3,1 Hr,Valid
Kinshasa,PM2.5 - Principal,2022-12-13 07:00 AM,2022,12,13,07,14.3,56,Moderate,15.0,UG/M3,1 Hr,Valid
Kinshasa,PM2.5 - Principal,2022-12-13 08:00 AM,2022,12,13,08,13.6,54,Moderate,13.0,UG/M3,1 Hr,Valid
Kinshasa,PM2.5 - Principal,2022-12-13 09:00 AM,2022,12,13,09,14.8,57,Moderate,16.0,UG/M3,1 Hr,Valid
Kinshasa,PM2.5 - Principal,2022-12-13 10:00 AM,2022,12,13,10,14.9,57,Moderate,15.0,UG/M3,1 Hr,Valid
Kinshasa,PM2.5 - Principal,2022-12-13 11:00 AM,2022,12,13,11,17.9,63,Moderate,21.0,UG/M3,1 Hr,Valid
Kinshasa,PM2.5 - Principal,2022-12-13 12:00 PM,2022,12,13,12,29.9,88,Moderate,42.0,UG/M3,1 Hr,Valid
Kinshasa,PM2.5 - Principal,2022-12-13 01:00 PM,2022,12,13,13,34.9,99,Moderate,40.0,UG/M3,1 Hr,Valid
Kinshasa,PM2.5 - Principal,2022-12-13 02:00 PM,2022,12,13,14,33.4,96,Moderate,32.0,UG/M3,1 Hr,Valid
Kinshasa,PM2.5 - Principal,2022-12-13 03:00 PM,2022,12,13,15,39.2,110,Unhealthy for Sensitive Groups,45.0,UG/M3,1 Hr,Valid
Kinshasa,PM2.5 - Principal,2022-12-13 04:00 PM,2022,12,13,16,41.6,116,Unhealthy for Sensitive Groups,44.0,UG/M3,1 Hr,Valid
Kinshasa,PM2.5 - Principal,2022-12-13 05:00 PM,2022,12,13,17,34.3,98,Moderate,27.0,UG/M3,1 Hr,Valid
Kinshasa,PM2.5 - Principal,2022-12-13 06:00 PM,2022,12,13,18,37.6,106,Unhealthy for Sensitive Groups,41.0,UG/M3,1 Hr,Valid
Kinshasa,PM2.5 - Principal,2022-12-13 07:00 PM,2022,12,13,19,36.8,104,Unhealthy for Sensitive Groups,36.0,UG/M3,1 Hr,Valid
Kinshasa,PM2.5 - Principal,2022-12-13 08:00 PM,2022,12,13,20,34.9,99,Moderate,33.0,UG/M3,1 Hr,Valid
Kinshasa,PM2.5 - Principal,2022-12-13 09:00 PM,2022,12,13,21,34.4,98,Moderate,34.0,UG/M3,1 Hr,Valid
Kinshasa,PM2.5 - Principal,2022-12-13 10:00 PM,2022,12,13,22,32.7,94,Moderate,31.0,UG/M3,1 Hr,Valid
Kinshasa,PM2.5 - Principal,2022-12-13 11:00 PM,2022,12,13,23,28.7,86,Moderate,24.0,UG/M3,1 Hr,Valid
Kinshasa,PM2.5 - Principal,2022-12-14 12:00 AM,2022,12,14,00,25.1,78,Moderate,22.0,UG/M3,1 Hr,Valid
Kinshasa,PM2.5 - Principal,2022-12-14 01:00 AM,2022,12,14,01,23.5,75,Moderate,22.0,UG/M3,1 Hr,Valid
Kinshasa,PM2.5 - Principal,2022-12-14 02:00 AM,2022,12,14,02,23.5,75,Moderate,-999.0,UG/M3,1 Hr,Missing
Kinshasa,PM2.5 - Principal,2022-12-14 03:00 AM,2022,12,14,03,18.5,64,Moderate,16.0,UG/M3,1 Hr,Valid
Kinshasa,PM2.5 - Principal,2022-12-14 04:00 AM,2022,12,14,04,16.5,60,Moderate,15.0,UG/M3,1 Hr,Valid
Kinshasa,PM2.5 - Principal,2022-12-14 05:00 AM,2022,12,14,05,18.3,64,Moderate,20.0,UG/M3,1 Hr,Valid
Kinshasa,PM2.5 - Principal,2022-12-14 06:00 AM,2022,12,14,06,31.5,92,Moderate,44.0,UG/M3,1 Hr,Valid
Kinshasa,PM2.5 - Principal,2022-12-14 07:00 AM,2022,12,14,07,48.0,132,Unhealthy for Sensitive Groups,64.0,UG/M3,1 Hr,Valid
Kinshasa,PM2.5 - Principal,2022-12-14 08:00 AM,2022,12,14,08,69.7,158,Unhealthy,91.0,UG/M3,1 Hr,Valid
Kinshasa,PM2.5 - Principal,2022-12-14 09:00 AM,2022,12,14,09,74.3,161,Unhealthy,79.0,UG/M3,1 Hr,Valid
Kinshasa,PM2.5 - Principal,2022-12-14 10:00 AM,2022,12,14,10,68.6,158,Unhealthy,63.0,UG/M3,1 Hr,Valid
Kinshasa,PM2.5 - Principal,2022-12-14 11:00 AM,2022,12,14,11,52.3,142,Unhealthy for Sensitive Groups,36.0,UG/M3,1 Hr,Valid
Kinshasa,PM2.5 - Principal,2022-12-14 12:00 PM,2022,12,14,12,43.6,121,Unhealthy for Sensitive Groups,35.0,UG/M3,1 Hr,Valid
Kinshasa,PM2.5 - Principal,2022-12-14 01:00 PM,2022,12,14,13,38.3,108,Unhealthy for Sensitive Groups,33.0,UG/M3,1 Hr,Valid
Kinshasa,PM2.5 - Principal,2022-12-14 02:00 PM,2022,12,14,14,43.1,120,Unhealthy for Sensitive Groups,48.0,UG/M3,1 Hr,Valid
Kinshasa,PM2.5 - Principal,2022-12-14 03:00 PM,2022,12,14,15,36.0,102,Unhealthy for Sensitive Groups,29.0,UG/M3,1 Hr,Valid
Kinshasa,PM2.5 - Principal,2022-12-14 04:00 PM,2022,12,14,16,35.5,101,Unhealthy for Sensitive Groups,35.0,UG/M3,1 Hr,Valid
Kinshasa,PM2.5 - Principal,2022-12-14 05:00 PM,2022,12,14,17,34.7,99,Moderate,34.0,UG/M3,1 Hr,Valid
Kinshasa,PM2.5 - Principal,2022-12-14 06:00 PM,2022,12,14,18,51.8,141,Unhealthy for Sensitive Groups,69.0,UG/M3,1 Hr,Valid
Kinshasa,PM2.5 - Principal,2022-12-14 07:00 PM,2022,12,14,19,61.9,154,Unhealthy,72.0,UG/M3,1 Hr,Valid
Kinshasa,PM2.5 - Principal,2022-12-14 08:00 PM,2022,12,14,20,118.9,184,Unhealthy,176.0,UG/M3,1 Hr,Valid
Kinshasa,PM2.5 - Principal,2022-12-14 09:00 PM,2022,12,14,21,94.9,171,Unhealthy,71.0,UG/M3,1 Hr,Valid
Kinshasa,PM2.5 - Principal,2022-12-14 10:00 PM,2022,12,14,22,61.4,154,Unhealthy,28.0,UG/M3,1 Hr,Valid
Kinshasa,PM2.5 - Principal,2022-12-14 11:00 PM,2022,12,14,23,56.2,151,Unhealthy,51.0,UG/M3,1 Hr,Valid
Kinshasa,PM2.5 - Principal,2022-12-15 12:00 AM,2022,12,15,00,38.6,109,Unhealthy for Sensitive Groups,21.0,UG/M3,1 Hr,Valid
Kinshasa,PM2.5 - Principal,2022-12-15 01:00 AM,2022,12,15,01,29.8,88,Moderate,21.0,UG/M3,1 Hr,Valid
Kinshasa,PM2.5 - Principal,2022-12-15 02:00 AM,2022,12,15,02,29.8,88,Moderate,-999.0,UG/M3,1 Hr,Missing
Kinshasa,PM2.5 - Principal,2022-12-15 03:00 AM,2022,12,15,03,27.9,84,Moderate,27.0,UG/M3,1 Hr,Valid
Kinshasa,PM2.5 - Principal,2022-12-15 04:00 AM,2022,12,15,04,18.2,64,Moderate,11.0,UG/M3,1 Hr,Valid
Kinshasa,PM2.5 - Principal,2022-12-15 05:00 AM,2022,12,15,05,15.9,59,Moderate,14.0,UG/M3,1 Hr,Valid
Kinshasa,PM2.5 - Principal,2022-12-15 06:00 AM,2022,12,15,06,30.4,89,Moderate,44.0,UG/M3,1 Hr,Valid
Kinshasa,PM2.5 - Principal,2022-12-15 07:00 AM,2022,12,15,07,56.6,152,Unhealthy,82.0,UG/M3,1 Hr,Valid
Kinshasa,PM2.5 - Principal,2022-12-15 08:00 AM,2022,12,15,08,60.3,153,Unhealthy,64.0,UG/M3,1 Hr,Valid
Kinshasa,PM2.5 - Principal,2022-12-15 09:00 AM,2022,12,15,09,45.1,125,Unhealthy for Sensitive Groups,30.0,UG/M3,1 Hr,Valid
Kinshasa,PM2.5 - Principal,2022-12-15 10:00 AM,2022,12,15,10,42.5,118,Unhealthy for Sensitive Groups,40.0,UG/M3,1 Hr,Valid
Kinshasa,PM2.5 - Principal,2022-12-15 11:00 AM,2022,12,15,11,40.2,113,Unhealthy for Sensitive Groups,38.0,UG/M3,1 Hr,Valid
Kinshasa,PM2.5 - Principal,2022-12-15 12:00 PM,2022,12,15,12,53.6,146,Unhealthy for Sensitive Groups,67.0,UG/M3,1 Hr,Valid
Kinshasa,PM2.5 - Principal,2022-12-15 01:00 PM,2022,12,15,13,45.8,126,Unhealthy for Sensitive Groups,38.0,UG/M3,1 Hr,Valid
Kinshasa,PM2.5 - Principal,2022-12-15 02:00 PM,2022,12,15,14,39.4,111,Unhealthy for Sensitive Groups,33.0,UG/M3,1 Hr,Valid
Kinshasa,PM2.5 - Principal,2022-12-15 03:00 PM,2022,12,15,15,30.7,90,Moderate,22.0,UG/M3,1 Hr,Valid
Kinshasa,PM2.5 - Principal,2022-12-15 04:00 PM,2022,12,15,16,27.8,84,Moderate,25.0,UG/M3,1 Hr,Valid
Kinshasa,PM2.5 - Principal,2022-12-15 05:00 PM,2022,12,15,17,29.4,87,Moderate,31.0,UG/M3,1 Hr,Valid
Kinshasa,PM2.5 - Principal,2022-12-15 06:00 PM,2022,12,15,18,31.7,92,Moderate,34.0,UG/M3,1 Hr,Valid
Kinshasa,PM2.5 - Principal,2022-12-15 07:00 PM,2022,12,15,19,36.3,103,Unhealthy for Sensitive Groups,41.0,UG/M3,1 Hr,Valid
Kinshasa,PM2.5 - Principal,2022-12-15 08:00 PM,2022,12,15,20,42.1,117,Unhealthy for Sensitive Groups,48.0,UG/M3,1 Hr,Valid
Kinshasa,PM2.5 - Principal,2022-12-15 09:00 PM,2022,12,15,21,58.0,152,Unhealthy,74.0,UG/M3,1 Hr,Valid
Kinshasa,PM2.5 - Principal,2022-12-15 10:00 PM,2022,12,15,22,52.5,143,Unhealthy for Sensitive Groups,47.0,UG/M3,1 Hr,Valid
Kinshasa,PM2.5 - Principal,2022-12-15 11:00 PM,2022,12,15,23,49.2,135,Unhealthy for Sensitive Groups,46.0,UG/M3,1 Hr,Valid
Kinshasa,PM2.5 - Principal,2022-12-16 12:00 AM,2022,12,16,00,50.6,138,Unhealthy for Sensitive Groups,52.0,UG/M3,1 Hr,Valid
Kinshasa,PM2.5 - Principal,2022-12-16 01:00 AM,2022,12,16,01,51.3,140,Unhealthy for Sensitive Groups,52.0,UG/M3,1 Hr,Valid
Kinshasa,PM2.5 - Principal,2022-12-16 02:00 AM,2022,12,16,02,51.3,140,Unhealthy for Sensitive Groups,-999.0,UG/M3,1 Hr,Missing
Kinshasa,PM2.5 - Principal,2022-12-16 03:00 AM,2022,12,16,03,39.1,110,Unhealthy for Sensitive Groups,33.0,UG/M3,1 Hr,Valid
Kinshasa,PM2.5 - Principal,2022-12-16 04:00 AM,2022,12,16,04,65.9,156,Unhealthy,86.0,UG/M3,1 Hr,Valid
Kinshasa,PM2.5 - Principal,2022-12-16 05:00 AM,2022,12,16,05,45.6,126,Unhealthy for Sensitive Groups,28.0,UG/M3,1 Hr,Valid
Kinshasa,PM2.5 - Principal,2022-12-16 06:00 AM,2022,12,16,06,30.3,89,Moderate,16.0,UG/M3,1 Hr,Valid
Kinshasa,PM2.5 - Principal,2022-12-16 07:00 AM,2022,12,16,07,19.5,67,Moderate,9.0,UG/M3,1 Hr,Valid
Kinshasa,PM2.5 - Principal,2022-12-16 08:00 AM,2022,12,16,08,18.2,64,Moderate,17.0,UG/M3,1 Hr,Valid
Kinshasa,PM2.5 - Principal,2022-12-16 09:00 AM,2022,12,16,09,16.1,59,Moderate,14.0,UG/M3,1 Hr,Valid
Kinshasa,PM2.5 - Principal,2022-12-16 10:00 AM,2022,12,16,10,15.5,58,Moderate,15.0,UG/M3,1 Hr,Valid
Kinshasa,PM2.5 - Principal,2022-12-16 11:00 AM,2022,12,16,11,12.2,51,Moderate,9.0,UG/M3,1 Hr,Valid
Kinshasa,PM2.5 - Principal,2022-12-16 12:00 PM,2022,12,16,12,14.6,56,Moderate,17.0,UG/M3,1 Hr,Valid
Kinshasa,PM2.5 - Principal,2022-12-16 01:00 PM,2022,12,16,13,10.8,45,Good,7.0,UG/M3,1 Hr,Valid
Kinshasa,PM2.5 - Principal,2022-12-16 02:00 PM,2022,12,16,14,11.4,48,Good,12.0,UG/M3,1 Hr,Valid
Kinshasa,PM2.5 - Principal,2022-12-16 03:00 PM,2022,12,16,15,10.6,44,Good,10.0,UG/M3,1 Hr,Valid
Kinshasa,PM2.5 - Principal,2022-12-16 04:00 PM,2022,12,16,16,24.3,77,Moderate,38.0,UG/M3,1 Hr,Valid
Kinshasa,PM2.5 - Principal,2022-12-16 05:00 PM,2022,12,16,17,36.6,104,Unhealthy for Sensitive Groups,49.0,UG/M3,1 Hr,Valid
Kinshasa,PM2.5 - Principal,2022-12-16 06:00 PM,2022,12,16,18,46.3,128,Unhealthy for Sensitive Groups,56.0,UG/M3,1 Hr,Valid
Kinshasa,PM2.5 - Principal,2022-12-16 07:00 PM,2022,12,16,19,46.6,128,Unhealthy for Sensitive Groups,47.0,UG/M3,1 Hr,Valid
Kinshasa,PM2.5 - Principal,2022-12-16 08:00 PM,2022,12,16,20,48.8,134,Unhealthy for Sensitive Groups,51.0,UG/M3,1 Hr,Valid
Kinshasa,PM2.5 - Principal,2022-12-16 09:00 PM,2022,12,16,21,49.4,135,Unhealthy for Sensitive Groups,50.0,UG/M3,1 Hr,Valid
Kinshasa,PM2.5 - Principal,2022-12-16 10:00 PM,2022,12,16,22,57.2,152,Unhealthy,65.0,UG/M3,1 Hr,Valid
Kinshasa,PM2.5 - Principal,2022-12-16 11:00 PM,2022,12,16,23,55.6,151,Unhealthy,54.0,UG/M3,1 Hr,Valid
Kinshasa,PM2.5 - Principal,2022-12-17 12:00 AM,2022,12,17,00,55.6,151,Unhealthy,149.0,UG/M3,1 Hr,Invalid
Kinshasa,PM2.5 - Principal,2022-12-17 01:00 AM,2022,12,17,01,-999.0,-999,N/A,149.0,UG/M3,1 Hr,Invalid
Kinshasa,PM2.5 - Principal,2022-12-17 03:00 AM,2022,12,17,03,-999.0,-999,N/A,25.0,UG/M3,1 Hr,Valid
Kinshasa,PM2.5 - Principal,2022-12-17 04:00 AM,2022,12,17,04,22.3,72,Moderate,19.0,UG/M3,1 Hr,Valid
Kinshasa,PM2.5 - Principal,2022-12-17 05:00 AM,2022,12,17,05,19.9,67,Moderate,18.0,UG/M3,1 Hr,Valid
Kinshasa,PM2.5 - Principal,2022-12-17 06:00 AM,2022,12,17,06,20.4,68,Moderate,21.0,UG/M3,1 Hr,Valid
Kinshasa,PM2.5 - Principal,2022-12-17 07:00 AM,2022,12,17,07,28.4,85,Moderate,36.0,UG/M3,1 Hr,Valid
Kinshasa,PM2.5 - Principal,2022-12-17 08:00 AM,2022,12,17,08,25.6,79,Moderate,23.0,UG/M3,1 Hr,Valid
Kinshasa,PM2.5 - Principal,2022-12-17 09:00 AM,2022,12,17,09,24.3,77,Moderate,23.0,UG/M3,1 Hr,Valid
Kinshasa,PM2.5 - Principal,2022-12-17 10:00 AM,2022,12,17,10,26.6,81,Moderate,29.0,UG/M3,1 Hr,Valid
Kinshasa,PM2.5 - Principal,2022-12-17 11:00 AM,2022,12,17,11,30.3,89,Moderate,34.0,UG/M3,1 Hr,Valid
Kinshasa,PM2.5 - Principal,2022-12-17 12:00 PM,2022,12,17,12,28.1,85,Moderate,26.0,UG/M3,1 Hr,Valid
Kinshasa,PM2.5 - Principal,2022-12-17 01:00 PM,2022,12,17,13,29.5,88,Moderate,31.0,UG/M3,1 Hr,Valid
Kinshasa,PM2.5 - Principal,2022-12-17 02:00 PM,2022,12,17,14,27.2,83,Moderate,25.0,UG/M3,1 Hr,Valid
Kinshasa,PM2.5 - Principal,2022-12-17 03:00 PM,2022,12,17,15,21.6,71,Moderate,16.0,UG/M3,1 Hr,Valid
Kinshasa,PM2.5 - Principal,2022-12-17 04:00 PM,2022,12,17,16,18.3,64,Moderate,15.0,UG/M3,1 Hr,Valid
Kinshasa,PM2.5 - Principal,2022-12-17 05:00 PM,2022,12,17,17,22.1,72,Moderate,26.0,UG/M3,1 Hr,Valid
Kinshasa,PM2.5 - Principal,2022-12-17 06:00 PM,2022,12,17,18,17.0,61,Moderate,12.0,UG/M3,1 Hr,Valid
Kinshasa,PM2.5 - Principal,2022-12-17 07:00 PM,2022,12,17,19,23.0,74,Moderate,29.0,UG/M3,1 Hr,Valid
Kinshasa,PM2.5 - Principal,2022-12-17 08:00 PM,2022,12,17,20,51.5,140,Unhealthy for Sensitive Groups,80.0,UG/M3,1 Hr,Valid
Kinshasa,PM2.5 - Principal,2022-12-17 09:00 PM,2022,12,17,21,33.7,96,Moderate,16.0,UG/M3,1 Hr,Valid
Kinshasa,PM2.5 - Principal,2022-12-17 10:00 PM,2022,12,17,22,23.8,76,Moderate,14.0,UG/M3,1 Hr,Valid
Kinshasa,PM2.5 - Principal,2022-12-17 11:00 PM,2022,12,17,23,17.9,63,Moderate,12.0,UG/M3,1 Hr,Valid
Kinshasa,PM2.5 - Principal,2022-12-18 12:00 AM,2022,12,18,00,15.4,58,Moderate,13.0,UG/M3,1 Hr,Valid
Kinshasa,PM2.5 - Principal,2022-12-18 01:00 AM,2022,12,18,01,14.2,55,Moderate,13.0,UG/M3,1 Hr,Valid
Kinshasa,PM2.5 - Principal,2022-12-18 02:00 AM,2022,12,18,02,14.2,55,Moderate,-999.0,UG/M3,1 Hr,Missing
Kinshasa,PM2.5 - Principal,2022-12-18 03:00 AM,2022,12,18,03,10.0,42,Good,8.0,UG/M3,1 Hr,Valid
Kinshasa,PM2.5 - Principal,2022-12-18 04:00 AM,2022,12,18,04,11.7,49,Good,13.0,UG/M3,1 Hr,Valid
Kinshasa,PM2.5 - Principal,2022-12-18 05:00 AM,2022,12,18,05,13.4,54,Moderate,15.0,UG/M3,1 Hr,Valid
Kinshasa,PM2.5 - Principal,2022-12-18 06:00 AM,2022,12,18,06,13.2,53,Moderate,13.0,UG/M3,1 Hr,Valid
Kinshasa,PM2.5 - Principal,2022-12-18 07:00 AM,2022,12,18,07,11.5,48,Good,10.0,UG/M3,1 Hr,Valid
Kinshasa,PM2.5 - Principal,2022-12-18 08:00 AM,2022,12,18,08,12.2,51,Moderate,13.0,UG/M3,1 Hr,Valid
Kinshasa,PM2.5 - Principal,2022-12-18 09:00 AM,2022,12,18,09,12.6,52,Moderate,13.0,UG/M3,1 Hr,Valid
Kinshasa,PM2.5 - Principal,2022-12-18 10:00 AM,2022,12,18,10,13.7,54,Moderate,15.0,UG/M3,1 Hr,Valid
Kinshasa,PM2.5 - Principal,2022-12-18 11:00 AM,2022,12,18,11,15.4,58,Moderate,17.0,UG/M3,1 Hr,Valid
Kinshasa,PM2.5 - Principal,2022-12-18 12:00 PM,2022,12,18,12,15.7,59,Moderate,16.0,UG/M3,1 Hr,Valid
Kinshasa,PM2.5 - Principal,2022-12-18 01:00 PM,2022,12,18,13,12.8,52,Moderate,10.0,UG/M3,1 Hr,Valid
Kinshasa,PM2.5 - Principal,2022-12-18 02:00 PM,2022,12,18,14,10.9,45,Good,9.0,UG/M3,1 Hr,Valid
Kinshasa,PM2.5 - Principal,2022-12-18 03:00 PM,2022,12,18,15,10.1,42,Good,9.0,UG/M3,1 Hr,Valid
Kinshasa,PM2.5 - Principal,2022-12-18 04:00 PM,2022,12,18,16,8.9,37,Good,8.0,UG/M3,1 Hr,Valid
Kinshasa,PM2.5 - Principal,2022-12-18 05:00 PM,2022,12,18,17,7.9,33,Good,7.0,UG/M3,1 Hr,Valid
Kinshasa,PM2.5 - Principal,2022-12-18 06:00 PM,2022,12,18,18,9.9,41,Good,12.0,UG/M3,1 Hr,Valid
Kinshasa,PM2.5 - Principal,2022-12-18 07:00 PM,2022,12,18,19,14.9,57,Moderate,20.0,UG/M3,1 Hr,Valid
Kinshasa,PM2.5 - Principal,2022-12-18 08:00 PM,2022,12,18,20,17.5,62,Moderate,20.0,UG/M3,1 Hr,Valid
Kinshasa,PM2.5 - Principal,2022-12-18 09:00 PM,2022,12,18,21,18.7,65,Moderate,20.0,UG/M3,1 Hr,Valid
Kinshasa,PM2.5 - Principal,2022-12-18 10:00 PM,2022,12,18,22,17.3,62,Moderate,16.0,UG/M3,1 Hr,Valid
Kinshasa,PM2.5 - Principal,2022-12-18 11:00 PM,2022,12,18,23,16.1,59,Moderate,15.0,UG/M3,1 Hr,Valid
Kinshasa,PM2.5 - Principal,2022-12-19 12:00 AM,2022,12,19,00,14.5,56,Moderate,13.0,UG/M3,1 Hr,Valid
Kinshasa,PM2.5 - Principal,2022-12-19 01:00 AM,2022,12,19,01,13.7,54,Moderate,13.0,UG/M3,1 Hr,Valid
Kinshasa,PM2.5 - Principal,2022-12-19 02:00 AM,2022,12,19,02,13.7,54,Moderate,-999.0,UG/M3,1 Hr,Missing
Kinshasa,PM2.5 - Principal,2022-12-19 03:00 AM,2022,12,19,03,9.9,41,Good,8.0,UG/M3,1 Hr,Valid
Kinshasa,PM2.5 - Principal,2022-12-19 04:00 AM,2022,12,19,04,10.5,44,Good,11.0,UG/M3,1 Hr,Valid
Kinshasa,PM2.5 - Principal,2022-12-19 05:00 AM,2022,12,19,05,8.6,36,Good,7.0,UG/M3,1 Hr,Valid
Kinshasa,PM2.5 - Principal,2022-12-19 06:00 AM,2022,12,19,06,8.8,37,Good,9.0,UG/M3,1 Hr,Valid
Kinshasa,PM2.5 - Principal,2022-12-19 07:00 AM,2022,12,19,07,9.4,39,Good,10.0,UG/M3,1 Hr,Valid
Kinshasa,PM2.5 - Principal,2022-12-19 08:00 AM,2022,12,19,08,10.2,43,Good,11.0,UG/M3,1 Hr,Valid
Kinshasa,PM2.5 - Principal,2022-12-19 09:00 AM,2022,12,19,09,12.6,52,Moderate,15.0,UG/M3,1 Hr,Valid
Kinshasa,PM2.5 - Principal,2022-12-19 10:00 AM,2022,12,19,10,14.8,57,Moderate,17.0,UG/M3,1 Hr,Valid
Kinshasa,PM2.5 - Principal,2022-12-19 11:00 AM,2022,12,19,11,16.4,60,Moderate,18.0,UG/M3,1 Hr,Valid
Kinshasa,PM2.5 - Principal,2022-12-19 12:00 PM,2022,12,19,12,12.7,52,Moderate,9.0,UG/M3,1 Hr,Valid
Kinshasa,PM2.5 - Principal,2022-12-19 01:00 PM,2022,12,19,13,10.8,45,Good,9.0,UG/M3,1 Hr,Valid
Kinshasa,PM2.5 - Principal,2022-12-19 02:00 PM,2022,12,19,14,9.9,41,Good,9.0,UG/M3,1 Hr,Valid
Kinshasa,PM2.5 - Principal,2022-12-19 03:00 PM,2022,12,19,15,12.4,52,Moderate,15.0,UG/M3,1 Hr,Valid
Kinshasa,PM2.5 - Principal,2022-12-19 04:00 PM,2022,12,19,16,14.7,56,Moderate,17.0,UG/M3,1 Hr,Valid
Kinshasa,PM2.5 - Principal,2022-12-19 05:00 PM,2022,12,19,17,24.8,78,Moderate,35.0,UG/M3,1 Hr,Valid
Kinshasa,PM2.5 - Principal,2022-12-19 06:00 PM,2022,12,19,18,19.9,67,Moderate,15.0,UG/M3,1 Hr,Valid
Kinshasa,PM2.5 - Principal,2022-12-19 07:00 PM,2022,12,19,19,22.9,74,Moderate,26.0,UG/M3,1 Hr,Valid
Kinshasa,PM2.5 - Principal,2022-12-19 08:00 PM,2022,12,19,20,32.9,95,Moderate,43.0,UG/M3,1 Hr,Valid
Kinshasa,PM2.5 - Principal,2022-12-19 09:00 PM,2022,12,19,21,39.4,111,Unhealthy for Sensitive Groups,46.0,UG/M3,1 Hr,Valid
Kinshasa,PM2.5 - Principal,2022-12-19 10:00 PM,2022,12,19,22,47.7,131,Unhealthy for Sensitive Groups,56.0,UG/M3,1 Hr,Valid
Kinshasa,PM2.5 - Principal,2022-12-19 11:00 PM,2022,12,19,23,38.8,109,Unhealthy for Sensitive Groups,30.0,UG/M3,1 Hr,Valid
Kinshasa,PM2.5 - Principal,2022-12-20 12:00 AM,2022,12,20,00,42.4,118,Unhealthy for Sensitive Groups,46.0,UG/M3,1 Hr,Valid
Kinshasa,PM2.5 - Principal,2022-12-20 01:00 AM,2022,12,20,01,44.2,122,Unhealthy for Sensitive Groups,46.0,UG/M3,1 Hr,Valid
Kinshasa,PM2.5 - Principal,2022-12-20 02:00 AM,2022,12,20,02,44.2,122,Unhealthy for Sensitive Groups,-999.0,UG/M3,1 Hr,Missing
Kinshasa,PM2.5 - Principal,2022-12-20 03:00 AM,2022,12,20,03,33.4,96,Moderate,28.0,UG/M3,1 Hr,Valid
Kinshasa,PM2.5 - Principal,2022-12-20 04:00 AM,2022,12,20,04,92.6,170,Unhealthy,137.0,UG/M3,1 Hr,Valid
Kinshasa,PM2.5 - Principal,2022-12-20 05:00 AM,2022,12,20,05,107.2,178,Unhealthy,120.0,UG/M3,1 Hr,Valid
Kinshasa,PM2.5 - Principal,2022-12-20 06:00 AM,2022,12,20,06,76.6,162,Unhealthy,48.0,UG/M3,1 Hr,Valid
Kinshasa,PM2.5 - Principal,2022-12-20 07:00 AM,2022,12,20,07,59.5,153,Unhealthy,43.0,UG/M3,1 Hr,Valid
Kinshasa,PM2.5 - Principal,2022-12-20 08:00 AM,2022,12,20,08,46.1,127,Unhealthy for Sensitive Groups,33.0,UG/M3,1 Hr,Valid
Kinshasa,PM2.5 - Principal,2022-12-20 09:00 AM,2022,12,20,09,33.5,96,Moderate,21.0,UG/M3,1 Hr,Valid
Kinshasa,PM2.5 - Principal,2022-12-20 10:00 AM,2022,12,20,10,24.7,77,Moderate,16.0,UG/M3,1 Hr,Valid
Kinshasa,PM2.5 - Principal,2022-12-20 11:00 AM,2022,12,20,11,21.8,71,Moderate,19.0,UG/M3,1 Hr,Valid
Kinshasa,PM2.5 - Principal,2022-12-20 12:00 PM,2022,12,20,12,34.9,99,Moderate,48.0,UG/M3,1 Hr,Valid
Kinshasa,PM2.5 - Principal,2022-12-20 01:00 PM,2022,12,20,13,37.9,107,Unhealthy for Sensitive Groups,41.0,UG/M3,1 Hr,Valid
Kinshasa,PM2.5 - Principal,2022-12-20 02:00 PM,2022,12,20,14,36.9,104,Unhealthy for Sensitive Groups,36.0,UG/M3,1 Hr,Valid
Kinshasa,PM2.5 - Principal,2022-12-20 03:00 PM,2022,12,20,15,34.4,98,Moderate,32.0,UG/M3,1 Hr,Valid
Kinshasa,PM2.5 - Principal,2022-12-20 04:00 PM,2022,12,20,16,30.7,90,Moderate,27.0,UG/M3,1 Hr,Valid
Kinshasa,PM2.5 - Principal,2022-12-20 05:00 PM,2022,12,20,17,22.3,72,Moderate,14.0,UG/M3,1 Hr,Valid
Kinshasa,PM2.5 - Principal,2022-12-20 06:00 PM,2022,12,20,18,20.1,68,Moderate,18.0,UG/M3,1 Hr,Valid
Kinshasa,PM2.5 - Principal,2022-12-20 07:00 PM,2022,12,20,19,25.0,78,Moderate,30.0,UG/M3,1 Hr,Valid
Kinshasa,PM2.5 - Principal,2022-12-20 08:00 PM,2022,12,20,20,31.5,92,Moderate,38.0,UG/M3,1 Hr,Valid
Kinshasa,PM2.5 - Principal,2022-12-20 09:00 PM,2022,12,20,21,25.7,80,Moderate,20.0,UG/M3,1 Hr,Valid
Kinshasa,PM2.5 - Principal,2022-12-20 10:00 PM,2022,12,20,22,27.8,84,Moderate,30.0,UG/M3,1 Hr,Valid
Kinshasa,PM2.5 - Principal,2022-12-20 11:00 PM,2022,12,20,23,29.4,87,Moderate,31.0,UG/M3,1 Hr,Valid
Kinshasa,PM2.5 - Principal,2022-12-21 12:00 AM,2022,12,21,00,24.2,76,Moderate,19.0,UG/M3,1 Hr,Valid
Kinshasa,PM2.5 - Principal,2022-12-21 01:00 AM,2022,12,21,01,21.6,71,Moderate,19.0,UG/M3,1 Hr,Valid
Kinshasa,PM2.5 - Principal,2022-12-21 02:00 AM,2022,12,21,02,21.6,71,Moderate,-999.0,UG/M3,1 Hr,Missing
Kinshasa,PM2.5 - Principal,2022-12-21 03:00 AM,2022,12,21,03,14.5,56,Moderate,11.0,UG/M3,1 Hr,Valid
Kinshasa,PM2.5 - Principal,2022-12-21 04:00 AM,2022,12,21,04,11.9,50,Good,10.0,UG/M3,1 Hr,Valid
Kinshasa,PM2.5 - Principal,2022-12-21 05:00 AM,2022,12,21,05,11.4,48,Good,11.0,UG/M3,1 Hr,Valid
Kinshasa,PM2.5 - Principal,2022-12-21 06:00 AM,2022,12,21,06,13.7,54,Moderate,16.0,UG/M3,1 Hr,Valid
Kinshasa,PM2.5 - Principal,2022-12-21 07:00 AM,2022,12,21,07,16.9,61,Moderate,20.0,UG/M3,1 Hr,Valid
Kinshasa,PM2.5 - Principal,2022-12-21 08:00 AM,2022,12,21,08,16.4,60,Moderate,16.0,UG/M3,1 Hr,Valid
Kinshasa,PM2.5 - Principal,2022-12-21 09:00 AM,2022,12,21,09,15.2,58,Moderate,14.0,UG/M3,1 Hr,Valid
Kinshasa,PM2.5 - Principal,2022-12-21 10:00 AM,2022,12,21,10,14.6,56,Moderate,14.0,UG/M3,1 Hr,Valid
Kinshasa,PM2.5 - Principal,2022-12-21 11:00 AM,2022,12,21,11,14.8,57,Moderate,15.0,UG/M3,1 Hr,Valid
Kinshasa,PM2.5 - Principal,2022-12-21 12:00 PM,2022,12,21,12,14.9,57,Moderate,15.0,UG/M3,1 Hr,Valid
Kinshasa,PM2.5 - Principal,2022-12-21 01:00 PM,2022,12,21,13,14.4,56,Moderate,14.0,UG/M3,1 Hr,Valid
Kinshasa,PM2.5 - Principal,2022-12-21 02:00 PM,2022,12,21,14,17.7,63,Moderate,21.0,UG/M3,1 Hr,Valid
Kinshasa,PM2.5 - Principal,2022-12-21 03:00 PM,2022,12,21,15,13.8,55,Moderate,10.0,UG/M3,1 Hr,Valid
Kinshasa,PM2.5 - Principal,2022-12-21 04:00 PM,2022,12,21,16,11.4,48,Good,9.0,UG/M3,1 Hr,Valid
Kinshasa,PM2.5 - Principal,2022-12-21 05:00 PM,2022,12,21,17,9.2,38,Good,7.0,UG/M3,1 Hr,Valid
Kinshasa,PM2.5 - Principal,2022-12-21 06:00 PM,2022,12,21,18,10.1,42,Good,11.0,UG/M3,1 Hr,Valid
Kinshasa,PM2.5 - Principal,2022-12-21 07:00 PM,2022,12,21,19,10.5,44,Good,11.0,UG/M3,1 Hr,Valid
Kinshasa,PM2.5 - Principal,2022-12-21 08:00 PM,2022,12,21,20,12.2,51,Moderate,14.0,UG/M3,1 Hr,Valid
Kinshasa,PM2.5 - Principal,2022-12-21 09:00 PM,2022,12,21,21,13.6,54,Moderate,15.0,UG/M3,1 Hr,Valid
Kinshasa,PM2.5 - Principal,2022-12-21 10:00 PM,2022,12,21,22,17.8,63,Moderate,22.0,UG/M3,1 Hr,Valid
Kinshasa,PM2.5 - Principal,2022-12-21 11:00 PM,2022,12,21,23,17.4,62,Moderate,17.0,UG/M3,1 Hr,Valid
Kinshasa,PM2.5 - Principal,2022-12-22 12:00 AM,2022,12,22,00,21.2,70,Moderate,25.0,UG/M3,1 Hr,Valid
